ACCIDENT_YEAR,COLLISION_DATE,COLLISION_TIME,MONTH,SEASON,24HOURS,DAY_OF_WEEK,INTERSECTION,WEATHER_1,STATE_HWY_IND,ROAD_SURFACE,ROAD_COND_1,LIGHTING,STWD_VEHTYPE_AT_FAULT,CHP_VEHTYPE_AT_FAULT,DIRECTION,PCF_VIOL_CATEGORY,TYPE_OF_COLLISION,PEDESTRIAN_ACCIDENT,BICYCLE_ACCIDENT,MOTORCYCLE_ACCIDENT,TRUCK_ACCIDENT,MVIW,TOW_AWAY,HIT_AND_RUN,CONTROL_DEVICE,NUMBER_INJURED,COUNT_PED_INJURED,COUNT_BICYCLIST_INJURED,COUNT_MC_INJURED,PCF_VIOLATION,PARTY_COUNT,POINT_Y,POINT_X,COLLISION_SEVERITY
2017,2017-01-16,1500,1,4,15,1,Y,A,N,A,H,A,-,,,12,D,,,,,D,N,N,A,5,0,0,0,22450.0,2,39.16660991,-122.15012988,3
2017,2017-01-10,1345,1,4,13,2,Y,B,Y,B,H,A,A,01,,09,D,,,,,C,Y,N,D,1,0,0,0,21801.0,2,39.21374102,-122.00659618,4
2017,2017-01-20,1800,1,4,18,5,Y,A,Y,A,H,C,-,- ,,09,D,,,,,C,Y,N,D,1,0,0,0,21801.0,2,39.2032003,-122.00456464,4
2017,2017-02-03,930,2,4,9,5,N,B,N,B,H,A,A,01,S,05,C,,,,,E,Y,N,D,1,0,0,0,21650.0,2,39.20529418,-122.00392593,3
2017,2017-02-12,1502,2,4,15,7,Y,-,N,-,-,-,-,- ,,03,-,,,,,-,N,N,-,1,0,0,0,22350.0,2,39.20562998,-122.00532996,4
2016,2016-08-04,1930,8,2,19,4,Y,B,N,A,H,A,A,01,,09,D,,,,,C,Y,N,A,1,0,0,0,21802.0,2,39.14131995,-122.13846989,4
2017,2017-03-25,2211,3,1,22,6,N,A,Y,A,H,D,D,22,,09,D,,,,,C,Y,M,A,2,0,0,0,21804.0,2,39.20603853,-122.01897786,4
2017,2017-04-27,1210,4,1,12,4,Y,A,Y,A,H,A,A,01,,04,C,,,,,C,N,N,D,1,0,0,0,21703.0,2,39.16112256,-122.16093429,4
2017,2017-05-24,824,5,1,8,3,N,A,N,A,H,A,A,01,E,10,G,Y,,,,B,N,N,A,1,1,0,0,21950.0,2,39.15462765,-122.14962125,3
2017,2017-06-18,2245,6,2,22,7,N,A,N,A,H,D,A,01,W,01,B,,,,,E,Y,N,D,1,0,0,0,23152.0,2,39.21667528,-122.01506629,4
2017,2017-06-21,1045,6,2,10,3,N,A,N,A,H,A,-,,N,21,G,Y,,,,B,N,N,D,0,0,0,0,22106.0,2,39.15331146,-122.15031953,1
2017,2017-06-21,625,6,2,6,3,Y,A,Y,A,G,A,G,25,,08,B,,,Y,Y,C,N,N,D,1,0,0,1,22107.0,2,39.15877585,-122.14504606,4
2017,2017-09-19,1452,9,3,14,2,Y,A,N,A,H,A,A,07,,05,B,,,,Y,C,Y,N,A,1,0,0,0,21752.0,2,39.13264018,-122.13279963,4
2017,2017-10-13,1326,10,3,13,5,Y,A,N,A,H,A,M,96,,09,D,,,,,C,N,N,A,1,0,0,0,21802.0,2,39.21193993,-122.00727992,4
2017,2017-11-22,710,11,3,7,3,Y,B,Y,D,G,B,D,22,,09,D,,,,,C,Y,N,A,4,0,0,0,21802.0,2,39.16754566,-122.14800294,2
2017,2017-12-07,1710,12,4,17,4,Y,A,Y,A,H,B,A,01,,09,A,,,,,C,Y,N,D,1,0,0,0,21801.0,2,39.20925476,-122.01720345,3
2017,2017-12-05,715,12,4,7,2,N,A,N,A,H,A,A,01,S,05,A,,,,,C,Y,N,D,2,0,0,0,21650.0,2,39.1522308,-122.139314,4
2018,2018-01-27,1545,1,4,15,6,Y,A,Y,A,H,A,A,01,,09,D,,,,,C,Y,N,D,1,0,0,0,21801.0,2,39.20320129394531,-122.00456237792967,3
2018,2018-01-28,1015,1,4,10,7,N,A,N,A,H,A,-,,S,03,E,,,,,I,N,N,A,1,0,0,0,22350.0,2,39.15787124633789,-122.15496063232422,3
2018,2018-04-25,1055,4,1,10,3,Y,A,N,A,H,A,A,01,,09,D,,,,,C,Y,N,D,2,0,0,0,21800.0,2,39.20594024658203,-122.00669097900392,3
2018,2018-03-24,1637,3,1,16,6,Y,A,Y,A,H,A,A,01,,01,D,,,,,C,Y,N,A,2,0,0,0,23152.0,2,39.16754531860352,-122.14800262451172,4
2018,2018-03-27,1807,3,1,18,2,Y,A,N,A,H,A,L,04,,12,D,,Y,,,G,N,N,A,1,0,1,0,22450.0,2,39.20650100708008,-122.00498962402344,2
2018,2018-03-23,1921,3,1,19,5,Y,A,N,A,H,B,-,- ,,09,A,,,,,C,N,N,A,1,0,0,0,21802.0,4,39.20806121826172,-122.01177978515624,4
2018,2018-03-29,2057,3,1,20,4,N,A,N,A,H,C,A,01,W,01,F,,,,,E,Y,N,D,1,0,0,0,23152.0,2,39.212921142578125,-122.01154327392578,3
2018,2018-04-21,42,4,1,0,6,Y,A,Y,A,H,C,L,04,,09,H,,Y,,,G,N,N,A,1,0,1,0,21802.0,2,39.20320129394531,-122.00456237792967,2
2018,2018-08-06,1725,8,2,17,1,Y,A,N,A,H,A,A,01,,03,C,,,,,C,Y,N,D,2,0,0,0,22350.0,2,39.15053176879882,-122.14549255371094,3
2018,2018-05-07,2341,5,1,23,1,Y,A,Y,A,H,C,A,01,,01,A,,,,,C,Y,N,D,2,0,0,0,23152.0,2,39.21625900268555,-122.01753997802734,3
2018,2018-07-28,1514,7,2,15,6,N,A,Y,A,H,A,A,01,W,03,C,,,,,C,Y,N,D,1,0,0,0,22350.0,2,39.160808563232415,-122.16143798828124,4
2017,2017-11-24,21,11,3,0,5,N,A,Y,A,H,A,A,01,N,05,E,,,,,I,Y,N,D,1,0,0,0,21650.0,1,39.20265058,-122.02274016,3
2018,2018-09-28,930,9,3,9,5,N,A,N,A,H,A,D,22,S,21,C,,,,,C,Y,N,D,1,0,0,0,22106.0,2,39.1519775390625,-122.13916778564452,3
2018,2018-09-28,1420,9,3,14,5,Y,A,N,A,H,A,A,01,,09,D,,,,,C,Y,N,A,2,0,0,0,21802.0,2,39.21223831176758,-122.0086669921875,3
2019,2019-01-09,1620,1,4,16,3,Y,B,Y,B,H,A,A,08,,09,D,,,,,C,Y,N,D,2,0,0,0,21802.0,2,39.16373443603516,-122.15634918212892,3
2018,2018-10-16,814,10,3,8,2,N,A,N,A,H,A,A,01,W,03,G,Y,,,,B,N,N,A,3,3,0,0,22350.0,4,39.207427978515625,-122.00901794433594,3
2018,2018-10-25,1118,10,3,11,4,N,A,N,A,H,A,A,08,E,21,B,,,,,C,N,N,D,1,0,0,0,22106.0,2,39.20797348022461,-122.01141357421876,4
2018,2018-12-08,1820,12,4,18,6,Y,A,Y,A,H,C,A,01,,09,D,,,,,D,N,N,D,1,0,0,0,21801.0,2,39.16111755371094,-122.1609344482422,3
2018,2018-12-11,1324,12,4,13,2,Y,A,Y,A,H,A,A,07,,12,H,,,,,C,Y,N,A,2,0,0,0,21453.0,2,39.21562194824219,-122.01475524902344,3
2019,2019-01-22,1442,1,4,14,2,N,A,Y,A,H,A,A,01,N,03,C,,,,,C,Y,N,D,1,0,0,0,22350.0,2,39.21232986450195,-122.00131225585938,3
2019,2019-02-18,1245,2,4,12,1,Y,A,Y,A,H,A,D,22,,09,D,,,Y,,C,Y,N,A,1,0,0,1,21802.0,2,39.21280288696289,-122.00245666503906,4
2019,2019-02-04,1330,2,4,13,1,N,B,N,A,H,A,A,07,W,05,E,,,,,I,Y,N,D,1,0,0,0,21650.0,1,39.20570373535156,-122.00993347167967,3
2019,2019-05-30,805,5,1,8,4,Y,A,Y,A,H,A,A,01,,09,B,,,,,C,N,N,A,1,0,0,0,21800.0,2,39.214054107666016,-122.00794219970705,4
2019,2019-06-13,1505,6,2,15,4,N,A,N,A,H,A,-,,W,01,A,,,,,C,Y,N,D,2,0,0,0,23153.0,2,,,2
2019,2019-07-14,1845,7,2,18,7,Y,A,N,A,H,A,A,01,,12,B,,,,,C,N,N,A,3,0,0,0,22450.0,2,39.20534896850586,-122.00839996337892,3
2019,2019-08-13,852,8,2,8,2,Y,A,Y,A,H,A,D,22,,07,A,,,,,I,Y,N,D,2,0,0,0,21658.0,1,39.206897735595696,-122.01815032958984,1
2019,2019-09-05,1735,9,3,17,4,Y,A,N,A,H,A,A,01,,12,D,,,,,C,N,N,A,1,0,0,0,22450.0,2,39.20534896850586,-122.00839996337892,4
2019,2019-09-27,1613,9,3,16,5,N,A,N,A,H,A,A,01,E,09,B,,,,,C,Y,N,D,2,0,0,0,21804.0,2,39.207027435302734,-122.00730895996094,4
2019,2019-09-05,1736,9,3,17,4,Y,A,Y,A,H,A,A,01,,10,G,Y,,,,B,N,N,A,2,2,0,0,21950.0,3,39.20420837402344,-122.00438690185548,4
2019,2019-11-18,1345,11,3,13,1,Y,A,Y,A,H,A,L,04,,12,G,,Y,,,G,N,N,D,1,0,1,0,22450.0,2,39.21669006347656,-122.01856994628906,3
2019,2019-11-13,915,11,3,9,3,Y,A,N,A,H,A,I,11,,09,B,,,,,C,Y,N,D,1,0,0,0,21804.0,2,39.190059661865234,-122.01152801513672,4
2015,2015-07-18,2138,7,2,21,6,N,A,Y,A,H,D,-,- ,S,18,E,,,Y,,H,Y,N,D,1,0,0,1,,1,39.39756656,-122.01202627,3
2015,2015-07-26,630,7,2,6,7,N,A,Y,A,H,A,A,07,N,08,E,,,,,I,Y,N,D,1,0,0,0,22107.0,1,39.02514435,-122.0631325,4
2015,2015-07-31,2500,7,2,25,5,N,A,N,A,H,A,A,08,S,08,E,,,,,I,Y,N,D,1,0,0,0,22107.0,1,39.31346966,-122.51205325,2
2015,2015-08-12,1810,8,2,18,3,N,A,Y,A,H,A,F,24,S,01,F,,,,Y,A,Y,N,D,1,0,0,0,23152.0,1,39.21716104,-122.01857906,3
2015,2015-08-02,2230,8,2,22,7,N,A,N,A,H,C,D,22,E,08,E,,,,,I,Y,N,D,1,0,0,0,22107.0,1,39.19584634,-121.9891086,3
2015,2015-09-08,1135,9,3,11,2,N,A,Y,A,H,A,D,22,N,08,E,,,,,I,Y,N,D,1,0,0,0,22107.0,1,38.93555692,-122.00378249,2
2015,2015-09-11,1430,9,3,14,5,N,A,N,A,H,A,A,01,S,03,C,,,,,C,N,N,D,1,0,0,0,22350.0,3,38.99819536,-122.06076,4
2015,2015-09-18,2153,9,3,21,5,N,A,N,A,H,D,D,22,W,01,F,,,,,I,Y,N,D,1,0,0,0,23152.0,1,38.98452993,-122.09779991,2
2015,2015-08-16,734,8,2,7,7,N,A,Y,A,H,A,D,22,N,08,F,,,,,A,Y,N,D,1,0,0,0,22107.0,1,39.222841,-122.18135929,1
2015,2015-09-15,637,9,3,6,2,N,A,N,A,H,B,A,07,E,01,F,,,,,A,Y,F,A,2,0,0,0,23152.0,1,39.21758902,-122.07552938,2
2015,2015-09-18,1510,9,3,15,5,N,A,Y,A,H,A,L,04,S,05,B,,Y,,Y,G,N,N,A,1,0,1,0,21202.0,2,39.21957121,-122.01860016,3
2015,2015-09-18,2000,9,3,20,5,N,A,Y,A,H,D,A,07,N,08,E,,,,Y,I,Y,N,D,2,0,0,0,22107.0,2,39.29031103,-122.18441849,3
2015,2015-10-04,716,10,3,7,7,N,A,Y,A,H,A,A,01,S,01,C,,,,,C,Y,N,D,3,0,0,0,23152.0,3,38.99721777,-122.04383739,2
2015,2015-10-05,1135,10,3,11,1,N,A,Y,A,H,A,C,02,E,03,F,,,Y,,A,Y,N,D,1,0,0,1,22350.0,1,39.00425271,-122.39321926,2
2015,2015-10-12,905,10,3,9,1,N,A,Y,A,H,A,D,22,E,08,B,,,,,C,N,N,D,1,0,0,0,22107.0,2,39.0048907,-122.39139065,4
2015,2015-10-12,1903,10,3,19,1,N,A,N,A,H,D,A,07,N,08,F,,,,,A,Y,N,D,1,0,0,0,22107.0,1,39.32416299,-122.53281666,3
2015,2015-10-13,515,10,3,5,2,N,A,N,A,H,D,A,08,S,03,E,,,,,I,N,N,D,1,0,0,0,22350.0,1,38.99106704,-122.06078,4
2015,2015-10-05,1130,10,3,11,1,N,A,Y,A,H,A,D,22,W,05,A,,,,Y,C,Y,N,D,1,0,0,0,21460.0,4,39.1056692,-122.32121634,2
2015,2015-10-10,2245,10,3,22,6,N,A,Y,A,H,D,A,07,S,03,C,,,,,D,N,N,D,1,0,0,0,22350.0,2,39.01021273,-122.05242544,4
2015,2015-10-24,2145,10,3,21,6,N,A,N,A,H,D,A,01,E,08,E,,,,,I,Y,N,D,1,0,0,0,22107.0,1,39.05681112,-122.07475328,3
2015,2015-10-22,2150,10,3,21,4,N,A,N,A,H,A,D,22,N,01,E,,,,,I,Y,N,D,1,0,0,0,23152.0,1,38.97266062,-122.06084153,4
2015,2015-11-02,1850,11,3,18,1,N,B,Y,A,H,C,G,25,E,09,D,,,,Y,C,Y,N,D,1,0,0,0,21801.0,2,39.19740409,-122.00135295,3
2015,2015-11-03,820,11,3,8,2,N,A,Y,A,H,A,A,01,W,05,D,,,,,C,Y,N,D,1,0,0,0,21460.0,2,39.01178841,-122.36046129,4
2015,2015-11-20,1730,11,3,17,5,N,A,Y,A,H,B,N,60,E,11,G,Y,,,,B,N,N,D,1,1,0,0,21954.0,2,39.0168829,-122.05886658,3
2015,2015-11-26,1024,11,3,10,4,N,A,N,A,B,A,A,07,W,03,F,,,,,A,Y,N,D,1,0,0,0,22350.0,1,39.21743084,-122.05431079,3
2015,2015-11-15,840,11,3,8,7,N,B,Y,B,H,A,A,01,W,08,E,,,,,I,Y,N,D,1,0,0,0,22107.0,1,39.00476405,-122.39144736,4
2015,2015-11-22,830,11,3,8,7,N,A,Y,A,H,A,A,01,S,08,E,,,,,I,Y,N,D,2,0,0,0,22107.0,1,39.17442488,-122.15489591,4
2015,2015-11-22,1455,11,3,14,7,N,B,N,A,H,A,C,02,W,08,F,,,Y,,A,Y,N,D,1,0,0,1,22107.0,1,39.30889,-122.33811,2
2015,2015-12-04,1350,12,4,13,5,N,A,N,A,H,A,A,01,W,01,E,,,,,I,Y,M,D,1,0,0,0,23152.0,1,39.14521917,-122.17504707,4
2015,2015-11-18,1442,11,3,14,3,N,A,Y,A,H,A,A,01,S,08,E,,,,,I,Y,N,A,1,0,0,0,22107.0,1,39.21830233,-122.18108187,3
2015,2015-11-19,650,11,3,6,4,N,A,N,A,H,B,A,01,E,08,E,,,,,I,Y,N,A,1,0,0,0,22107.0,1,39.27629257,-122.16941719,4
2015,2015-12-07,1900,12,4,19,1,N,B,Y,A,H,C,D,22,N,01,C,,,,,C,N,N,D,1,0,0,0,23152.0,2,39.25349814,-122.03159391,4
2015,2015-12-06,1137,12,4,11,7,N,B,Y,B,H,A,A,01,E,03,F,,,,,A,Y,N,D,1,0,0,0,22350.0,1,39.10757594,-122.3062197,3
2015,2015-12-25,834,12,4,8,5,N,B,Y,A,H,A,A,07,N,08,F,,,,,A,Y,N,A,1,0,0,0,22107.0,1,39.07231859,-122.09355493,4
2016,2016-01-01,135,1,4,1,5,N,A,Y,A,H,D,N,60,N,11,G,Y,,,,B,N,N,D,1,1,0,0,21954.0,2,39.2184501,-122.01814165,3
2016,2016-01-01,745,1,4,7,5,N,A,Y,A,H,A,A,01,N,01,C,,,,Y,C,Y,N,D,1,0,0,0,23152.0,2,39.15832806,-122.14516425,3
2015,2015-12-29,1850,12,4,18,2,N,A,Y,A,H,D,B,07,E,03,E,,,,,I,Y,N,D,2,0,0,0,22350.0,1,39.04149047,-121.84071301,3
2015,2015-12-27,1707,12,4,17,7,Y,A,Y,A,H,B,A,01,,09,D,,,Y,,C,Y,N,D,1,0,0,0,21801.0,2,39.27777464,-122.03543092,1
2016,2016-01-05,1200,1,4,12,2,N,B,N,B,H,A,G,25,E,08,F,,,,Y,A,Y,N,D,1,0,0,0,22107.0,1,39.3609368,-121.9501316,4
2015,2015-12-24,1353,12,4,13,4,N,A,Y,A,H,A,A,07,N,08,F,,,,,A,Y,N,D,1,0,0,0,22107.0,1,39.24877112,-122.18186565,3
2016,2016-01-17,915,1,4,9,7,N,C,Y,B,H,A,A,08,N,08,F,,,,,A,Y,N,D,1,0,0,0,22107.0,1,39.356059,-122.19346828,4
2015,2015-12-27,1520,12,4,15,7,N,A,Y,A,H,A,A,01,E,01,E,,,,,I,Y,N,D,0,0,0,0,23152.0,1,39.03629593,-122.33921959,1
2016,2016-02-08,1445,2,4,14,1,N,A,Y,A,H,A,A,07,W,08,E,,,,,I,Y,N,D,2,0,0,0,22107.0,1,39.19552745,-122.04093554,3
2016,2016-02-12,750,2,4,7,5,Y,A,Y,A,H,A,D,22,,09,D,,,,Y,C,Y,N,A,1,0,0,0,21801.0,2,39.15018232,-121.96524245,3
2016,2016-02-14,1305,2,4,13,7,N,A,N,A,H,A,A,07,E,01,F,,,,,A,Y,N,D,1,0,0,0,23152.0,1,39.05666041,-122.05852277,3
2016,2016-02-21,320,2,4,3,7,Y,A,N,A,H,D,A,01,,03,E,,,,,I,Y,N,D,4,0,0,0,22350.0,1,39.14513997,-122.15148997,3
2016,2016-02-28,1540,2,4,15,7,N,A,Y,A,H,A,C,02,W,08,F,,,Y,,A,Y,N,D,1,0,0,1,22107.0,1,38.93815064,-122.33793673,2
2016,2016-02-28,2000,2,4,20,7,N,A,N,A,H,D,D,22,S,08,F,,,,,A,Y,N,D,3,0,0,0,22107.0,1,39.02486232,-122.06269669,3
2016,2016-03-07,30,3,1,0,1,N,C,Y,B,H,D,A,07,E,08,E,,,,,I,Y,N,D,3,0,0,0,22107.0,1,39.1706182,-121.9843453,4
2016,2016-03-08,700,3,1,7,2,N,A,Y,A,H,B,A,01,N,08,E,,,,,I,Y,N,D,1,0,0,0,22107.0,1,39.13561003,-121.94318342,4
2016,2016-03-09,2000,3,1,20,3,N,B,N,A,H,D,-,99,S,08,G,Y,,,,B,N,F,D,1,1,0,0,22107.0,2,39.01226981,-122.05340649,2
2016,2016-03-20,1430,3,1,14,7,N,C,Y,B,H,A,A,01,W,08,E,,,,,I,N,N,D,1,0,0,0,22107.0,1,39.00424909,-122.39329347,4
2016,2016-03-15,1750,3,1,17,2,N,A,Y,A,H,A,A,01,N,01,B,,,,Y,C,Y,N,D,1,0,0,0,23152.0,2,38.96007937,-122.02220495,3
2016,2016-03-20,1430,3,1,14,7,N,B,Y,A,H,A,A,07,E,08,E,,,,,I,Y,N,D,1,0,0,0,22107.0,1,39.00812213,-122.4019205,4
2016,2016-03-20,405,3,1,4,7,N,B,Y,A,H,D,-,- ,S,18,F,,,Y,,A,Y,N,D,1,0,0,1,,1,38.95345183,-122.01781361,4
2016,2016-03-26,1045,3,1,10,6,N,A,Y,A,H,A,D,22,W,08,E,,,,,I,Y,N,A,1,0,0,0,22107.0,1,39.15256377,-122.24129293,4
2016,2016-04-06,1650,4,1,16,3,N,A,Y,A,H,A,A,07,S,08,F,,,,,A,Y,N,D,1,0,0,0,22107.0,1,38.96324755,-122.02390455,3
2016,2016-04-05,825,4,1,8,2,N,A,Y,A,H,A,C,02,E,08,F,,,Y,,A,Y,N,D,1,0,0,1,22107.0,1,,,3
2016,2016-04-06,530,4,1,5,3,N,A,Y,A,H,D,A,07,S,01,E,,,,,I,Y,N,D,1,0,0,0,23152.0,1,39.0864663,-122.10257086,4
2016,2016-04-11,630,4,1,6,1,N,A,N,A,H,B,D,22,N,08,A,,,,Y,C,Y,N,D,1,0,0,0,22107.0,2,39.0736678,-122.09396298,4
2016,2016-04-14,1041,4,1,10,4,Y,A,N,A,H,A,A,07,,09,D,,,,,C,Y,N,A,1,0,0,0,21802.0,2,38.92549991,-121.99664995,4
2016,2016-04-27,1515,4,1,15,3,Y,A,Y,A,H,A,A,07,,08,H,,,,,A,Y,N,A,1,0,0,0,22107.0,1,39.12668,-122.13276,3
2016,2016-04-18,740,4,1,7,1,N,A,N,A,H,A,A,01,E,08,E,,,,,J,Y,N,D,1,0,0,0,22107.0,1,39.34437849,-121.98729868,4
2016,2016-04-28,1955,4,1,19,4,N,A,Y,A,H,A,A,01,S,08,E,,,,,I,Y,N,D,3,0,0,0,22107.0,1,39.08625677,-122.10280778,3
2016,2016-05-02,1740,5,1,17,1,N,A,N,A,H,A,D,22,N,03,C,,,,,C,N,N,D,1,0,0,0,22350.0,2,39.05691866,-122.07898005,4
2016,2016-05-01,45,5,1,0,7,N,A,Y,A,H,D,D,22,E,08,E,,,,,I,Y,N,D,1,0,0,0,22107.0,1,39.05203643,-122.34247462,3
2016,2016-05-01,213,5,1,2,7,N,A,Y,A,H,D,A,01,N,01,B,,,,,C,Y,N,D,3,0,0,0,23152.0,2,39.10849075,-122.11779504,2
2016,2016-05-05,1240,5,1,12,4,N,C,Y,B,H,A,D,22,E,03,E,,,,,I,Y,N,D,1,0,0,0,22350.0,1,39.00478895,-122.39407269,4
2016,2016-05-06,435,5,1,4,5,N,B,Y,B,H,D,A,08,S,08,F,,,,,A,Y,N,D,3,0,0,0,22107.0,1,39.12875059,-122.13291768,3
2016,2016-05-09,1625,5,1,16,1,N,A,Y,A,H,A,A,01,S,03,E,,,,,J,N,N,D,1,0,0,0,22350.0,1,39.12339587,-122.1271096,3
2016,2016-05-15,1230,5,1,12,7,N,A,Y,A,H,A,D,22,W,08,F,,,,,A,Y,N,D,1,0,0,0,22107.0,1,39.2797953,-122.28835651,3
2016,2016-05-13,2500,5,1,25,5,N,A,N,A,H,D,D,22,S,08,F,,,,,I,Y,N,D,1,0,0,0,22107.0,1,39.35413067,-122.54766486,3
2016,2016-05-10,1045,5,1,10,2,N,A,N,A,H,A,F,79,W,08,F,,,,Y,A,Y,N,D,0,0,0,0,22107.0,1,39.22597864,-122.25253023,1
2016,2016-05-17,1505,5,1,15,2,N,A,Y,A,H,A,A,01,N,08,E,,,,,I,Y,N,D,1,0,0,0,22107.0,1,39.11199505,-122.1199269,3
2016,2016-05-18,605,5,1,6,3,N,A,Y,A,H,A,A,07,N,08,E,,,,,I,Y,N,D,1,0,0,0,22107.0,1,39.05969284,-122.08739656,3
2016,2016-05-22,1700,5,1,17,7,N,A,N,A,H,A,-,- ,W,05,A,,,Y,,C,Y,N,D,2,0,0,2,21650.0,2,,,3
2016,2016-05-23,2225,5,1,22,1,N,B,Y,A,H,D,A,01,S,08,E,,,,,I,Y,N,D,1,0,0,0,22107.0,1,38.94855022,-122.01244793,3
2016,2016-05-30,125,5,1,1,1,N,A,Y,A,H,D,D,22,E,01,E,,,,,I,Y,N,D,1,0,0,0,23152.0,1,39.14935795,-122.24604181,3
2016,2016-05-31,820,5,1,8,2,N,A,Y,A,H,A,A,01,N,08,F,,,,,A,Y,N,D,1,0,0,0,22107.0,1,39.07158178,-122.0935432,3
2016,2016-05-18,1055,5,1,10,3,N,A,Y,A,H,A,A,01,W,08,E,,,,,I,Y,N,D,2,0,0,0,22107.0,2,39.10566169,-122.31580113,1
2016,2016-05-31,1000,5,1,10,2,N,A,Y,A,H,A,-,- ,S,00,H,,,,,A,N,N,D,1,0,0,0,,2,39.32594995,-122.19456844,4
2016,2016-05-25,1725,5,1,17,3,N,B,Y,A,H,A,C,02,E,08,F,,,Y,,A,N,N,D,1,0,0,1,22107.0,1,39.03018972,-122.33899619,4
2016,2016-05-26,755,5,1,7,4,Y,A,Y,A,H,A,A,01,,09,D,,,,,C,Y,N,A,1,0,0,0,21802.0,2,39.22821996,-122.01981986,3
2016,2016-06-07,1340,6,2,13,2,N,A,Y,A,H,A,D,22,E,08,E,,,,,I,Y,N,D,1,0,0,0,22107.0,1,39.0429973,-122.34061273,3
2016,2016-06-03,832,6,2,8,5,N,A,N,A,H,A,A,01,W,08,F,,,,,A,Y,N,D,1,0,0,0,22107.0,1,39.01272268,-121.93367643,3
2016,2016-06-02,1320,6,2,13,4,N,A,N,A,H,A,A,01,N,03,C,,,,Y,C,Y,N,D,1,0,0,0,22350.0,2,39.27904165,-122.18267433,4
2016,2016-06-09,1530,6,2,15,4,Y,A,N,A,H,A,D,22,,09,D,,,,,C,N,N,D,1,0,0,0,21800.0,2,39.07477989,-121.89579997,4
2016,2016-06-19,2353,6,2,23,7,N,A,Y,A,H,D,A,01,S,07,C,,,,,C,Y,N,D,2,0,0,0,21658.0,2,39.19985624,-122.17527342,2
2016,2016-06-17,1330,6,2,13,5,Y,B,Y,A,H,A,A,01,,09,D,,,,,C,Y,N,D,3,0,0,0,21801.0,2,39.14599104,-121.94266002,2
2016,2016-06-28,1700,6,2,17,2,N,A,Y,A,H,A,A,08,S,13,F,,,,,A,Y,N,D,1,0,0,0,22515.0,1,39.41246377,-122.0101934,4
2016,2016-06-10,2355,6,2,23,5,N,A,Y,A,H,D,A,01,N,03,C,,,,,C,Y,N,D,2,0,0,0,22350.0,2,39.074195,-122.09485528,3
2016,2016-06-25,123,6,2,1,6,N,A,Y,A,H,C,A,01,S,07,E,,,,,I,Y,N,D,1,0,0,0,21658.0,1,39.01412655,-122.05653799,4
2016,2016-07-01,38,7,2,0,5,N,A,Y,A,H,D,A,07,S,08,E,,,,,I,Y,N,D,1,0,0,0,22107.0,1,39.1727992,-122.15353684,4