ACCIDENT_YEAR,COLLISION_DATE,COLLISION_TIME,MONTH,SEASON,24HOURS,DAY_OF_WEEK,INTERSECTION,WEATHER_1,STATE_HWY_IND,ROAD_SURFACE,ROAD_COND_1,LIGHTING,STWD_VEHTYPE_AT_FAULT,CHP_VEHTYPE_AT_FAULT,DIRECTION,PCF_VIOL_CATEGORY,TYPE_OF_COLLISION,PEDESTRIAN_ACCIDENT,BICYCLE_ACCIDENT,MOTORCYCLE_ACCIDENT,TRUCK_ACCIDENT,MVIW,TOW_AWAY,HIT_AND_RUN,CONTROL_DEVICE,NUMBER_INJURED,COUNT_PED_INJURED,COUNT_BICYCLIST_INJURED,COUNT_MC_INJURED,PCF_VIOLATION,PARTY_COUNT,POINT_Y,POINT_X,COLLISION_SEVERITY
2017,2017-09-09,1840,9,3,18,6,N,A,N,A,H,A,D,22,W,01,F,,,,,A,Y,N,D,1,0,0,0,23152.0,1,39.19813883,-121.94774866,2
2017,2017-08-30,1855,8,2,18,3,N,A,Y,A,H,A,G,25,E,03,C,,,,Y,C,Y,N,D,2,0,0,0,22350.0,3,39.16940977,-121.98327029,4
2017,2017-09-17,540,9,3,5,7,N,A,N,A,H,D,A,01,E,08,E,,,,,I,Y,N,D,1,0,0,0,22107.0,1,39.1009218,-122.09890729,4
2017,2017-09-18,120,9,3,1,1,N,A,Y,A,H,D,D,22,W,01,F,,,,,I,Y,N,D,0,0,0,0,23152.0,1,39.10234653,-122.33553715,1
2017,2017-09-16,1425,9,3,14,6,N,A,Y,A,H,A,D,22,N,08,B,,,,,C,Y,N,D,3,0,0,0,22107.0,2,39.33929077,-122.19467225,2
2017,2017-09-22,530,9,3,5,5,N,A,N,A,H,B,A,01,W,08,E,,,,,I,N,N,D,1,0,0,0,22107.0,1,39.19790603,-121.94596767,3
2017,2017-09-22,1100,9,3,11,5,N,A,Y,A,H,A,C,02,E,08,E,,,Y,,I,Y,N,A,1,0,0,1,22107.0,1,39.12414473,-122.28710188,3
2017,2017-10-01,1215,10,3,12,7,N,A,Y,A,H,A,D,22,N,08,F,,,,,A,Y,N,D,1,0,0,0,22107.0,1,38.95967876,-122.02196159,4
2017,2017-10-04,1425,10,3,14,3,N,A,Y,A,H,A,A,07,W,08,F,,,,,A,Y,N,D,1,0,0,0,22107.0,1,39.10879348,-122.30448828,3
2017,2017-09-29,1711,9,3,17,5,N,A,Y,A,H,A,-,- ,S,18,E,,,,,J,N,N,A,1,0,0,0,,1,39.34376016,-122.19471599,4
2017,2017-10-09,1100,10,3,11,1,N,A,Y,A,H,A,E,22,W,16,B,,Y,,,G,N,F,D,1,0,1,0,24002.0,2,39.09616265,-122.34297258,3
2017,2017-09-21,2230,9,3,22,4,N,A,Y,A,H,D,C,02,W,01,F,,,Y,,A,Y,N,D,0,0,0,0,23152.0,1,39.15288966,-122.24022016,1
2017,2017-10-06,1015,10,3,10,5,N,A,N,A,H,A,A,01,S,08,A,,,,,C,Y,N,D,2,0,0,0,22107.0,2,39.05237553,-122.08012541,2
2017,2017-10-15,659,10,3,6,7,N,A,N,A,H,B,A,07,S,08,E,,,,,I,Y,N,D,2,0,0,0,22107.0,1,39.0881444,-122.10341818,3
2017,2017-10-18,1625,10,3,16,3,N,A,Y,A,H,A,A,01,,03,C,,,,Y,C,Y,N,D,1,0,0,0,22350.0,2,39.3091743,-122.03328038,4
2017,2017-10-13,630,10,3,6,5,N,A,Y,A,H,D,A,07,N,08,E,,,,,I,Y,N,D,1,0,0,0,22107.0,1,38.93454697,-122.00333235,4
2017,2017-10-17,1205,10,3,12,2,N,A,Y,A,H,A,-,- ,E,18,E,,,,,I,Y,N,D,1,0,0,0,,1,39.16567115,-121.98032672,4
2017,2017-10-19,2250,10,3,22,4,N,B,N,B,H,D,D,22,S,08,E,,,,,I,Y,N,D,1,0,0,0,22107.0,1,39.13773104,-122.15153864,3
2017,2017-10-23,1115,10,3,11,1,N,A,Y,A,H,A,A,01,S,08,E,,,,,I,Y,N,D,1,0,0,0,22107.0,1,38.94636381,-122.01076624,4
2017,2017-10-25,1630,10,3,16,3,N,A,Y,A,H,A,-,- ,S,18,E,,,,,I,Y,N,D,1,0,0,0,,1,39.16018489,-122.14586063,3
2017,2017-11-02,755,11,3,7,4,Y,A,N,A,H,A,D,22,,09,D,,,,,C,Y,N,A,2,0,0,0,21802.0,2,38.95843993,-122.06085988,4
2017,2017-11-14,2025,11,3,20,2,N,A,N,A,H,D,A,01,S,08,F,,,,,A,Y,N,D,1,0,0,0,22107.0,1,39.19059511,-122.07886515,2
2017,2017-11-06,1545,11,3,15,1,N,A,Y,A,H,A,A,07,W,03,C,,,,,C,Y,N,D,2,0,0,0,22350.0,3,,,1
2017,2017-11-13,555,11,3,5,1,N,A,Y,A,H,D,N,60,E,11,G,Y,,,,B,N,F,D,1,1,0,0,21954.0,3,39.19554295,-122.06740035,2
2017,2017-11-27,2350,11,3,23,1,N,A,N,A,H,C,A,01,N,08,E,,,,,I,Y,N,D,2,0,0,0,22107.0,1,39.01401503,-122.07005576,2
2017,2017-12-05,1745,12,4,17,2,Y,A,Y,A,H,C,-,99,,03,C,,,,,C,N,F,D,1,0,0,0,22350.0,2,39.19667288,-122.03714411,4
2017,2017-12-10,2125,12,4,21,7,N,A,Y,A,H,D,D,22,N,08,E,,,,,I,Y,N,D,0,0,0,0,22107.0,1,38.97400761,-122.02909579,1
2017,2017-12-28,1635,12,4,16,4,N,A,Y,A,H,A,A,01,N,07,B,,,,Y,C,Y,N,D,1,0,0,0,21658.0,2,39.05920562,-122.08715935,4
2017,2017-12-31,1140,12,4,11,7,N,A,Y,A,H,A,A,01,S,08,F,,,,,A,Y,N,D,1,0,0,0,22107.0,1,39.05225964,-122.08099414,2
2017,2017-12-25,1410,12,4,14,1,N,A,Y,A,H,A,D,22,S,08,F,,,,,A,Y,N,D,0,0,0,0,22107.0,1,39.07068919,-121.88686344,1
2018,2018-01-03,1540,1,4,15,3,N,B,Y,B,H,A,A,01,N,08,F,,,,,A,Y,N,D,1,0,0,0,22107.0,1,39.34211349487305,-122.03509521484376,4
2018,2018-01-08,2215,1,4,22,1,N,B,Y,B,H,D,G,25,S,08,E,,,,Y,I,Y,N,D,1,0,0,0,22107.0,1,39.311222076416016,-122.19107055664062,3
2018,2018-01-26,1150,1,4,11,5,N,B,Y,A,D,A,A,01,,03,C,,,,,C,Y,N,A,1,0,0,0,22350.0,2,39.09370803833008,-122.34404754638672,3
2018,2018-01-22,1510,1,4,15,1,N,A,Y,A,H,A,A,07,N,08,F,,,,,A,Y,N,D,1,0,0,0,22107.0,1,39.36088180541992,-122.19300079345705,1
2018,2018-02-28,1202,2,4,12,3,N,A,N,A,H,A,D,22,W,08,F,,,,,A,Y,N,D,1,0,0,0,22107.0,1,39.07014846801758,-121.94247436523438,3
2018,2018-03-04,1245,3,1,12,7,N,A,Y,A,H,A,A,01,S,03,C,,,,,C,Y,N,D,1,0,0,0,22350.0,2,39.154109954833984,-122.14591979980467,4
2018,2018-03-14,1435,3,1,14,3,N,B,N,A,H,A,A,07,S,08,E,,,,,I,Y,N,D,1,0,0,0,22107.0,1,39.118118286132805,-122.26551818847656,3
2018,2018-03-09,2030,3,1,20,5,N,A,N,A,H,D,A,01,W,01,E,,,,,I,Y,N,D,1,0,0,0,23152.0,1,39.301048278808594,-122.51866149902344,2
2018,2018-03-20,1655,3,1,16,2,N,C,Y,B,H,A,A,01,N,08,E,,,,,I,Y,N,D,1,0,0,0,22107.0,1,39.100528717041016,-122.1147689819336,3
2018,2018-03-22,1810,3,1,18,4,N,A,Y,A,H,A,A,01,W,08,E,,,,,I,Y,N,D,1,0,0,0,22107.0,1,39.01256942749024,-122.3759994506836,2
2018,2018-03-29,1410,3,1,14,4,N,A,Y,A,H,A,A,01,E,05,B,,,,Y,C,Y,N,D,1,0,0,0,21650.0,2,39.19561004638672,-122.06236267089844,3
2018,2018-03-31,1310,3,1,13,6,N,A,N,A,H,A,-,- ,E,18,E,,,,,I,Y,N,D,1,0,0,0,,1,39.344459533691406,-121.95005798339844,2
2018,2018-04-09,2015,4,1,20,1,N,A,Y,A,H,D,-,- ,S,18,H,,,,Y,H,Y,N,D,1,0,0,0,,1,39.27017974853516,-122.18218994140624,3
2018,2018-04-13,1002,4,1,10,5,N,A,N,A,H,A,-,- ,E,18,E,,,,,I,Y,N,D,0,0,0,0,,1,39.21849822998047,-122.18142700195312,1
2018,2018-04-15,2140,4,1,21,7,N,A,Y,B,H,D,A,01,E,03,E,,,,,I,Y,N,D,1,0,0,0,22350.0,1,39.006999969482415,-122.39756011962892,3
2018,2018-04-14,1002,4,1,10,6,N,A,Y,A,H,A,A,07,W,05,A,,,,,C,Y,N,D,3,0,0,0,21460.0,2,39.1056022644043,-122.32160186767578,2
2018,2018-04-21,1455,4,1,14,6,N,A,Y,A,H,A,A,01,N,03,C,,,,,C,Y,N,D,2,0,0,0,22350.0,3,39.2539291381836,-122.03160095214844,4
2018,2018-04-25,745,4,1,7,3,N,A,Y,A,H,A,A,01,N,03,C,,,,,C,Y,N,D,1,0,0,0,22350.0,2,39.259159088134766,-122.03182220458984,4
2018,2018-04-29,1100,4,1,11,7,N,A,N,A,H,A,A,01,E,08,E,,,,,I,Y,N,D,1,0,0,0,22107.0,1,39.02406692504882,-122.06365966796876,3
2018,2018-05-01,1755,5,1,17,2,Y,A,Y,A,H,A,D,22,,09,D,,,,,C,Y,N,D,1,0,0,0,21801.0,2,39.19569396972656,-122.07879638671876,4
2018,2018-05-03,1915,5,1,19,4,Y,A,N,A,H,A,A,01,,09,D,,,Y,,C,N,N,D,1,0,0,1,21800.0,2,39.226600646972656,-122.02992248535156,3
2018,2018-05-04,1618,5,1,16,5,N,A,Y,A,H,A,A,01,W,08,E,,,,,I,Y,N,D,1,0,0,0,22107.0,1,39.1954345703125,-122.04141998291016,3
2018,2018-05-05,2157,5,1,21,6,N,A,N,A,H,D,C,03,N,17,C,,,Y,,C,N,N,D,1,0,0,1,21228.0,2,38.96174240112305,-122.09764099121094,2
2018,2018-05-05,1750,5,1,17,6,N,A,N,A,H,A,A,01,W,03,C,,,,,C,Y,N,D,2,0,0,0,22350.0,2,39.05656433105469,-121.99807739257812,2
2018,2018-05-13,1900,5,1,19,7,N,A,N,A,H,A,D,22,E,08,E,,,,,I,Y,N,D,1,0,0,0,22107.0,1,39.12660598754882,-122.19165802001952,3
2018,2018-05-27,700,5,1,7,7,N,A,Y,A,H,A,D,22,N,08,F,,,,,I,Y,N,D,2,0,0,0,22107.0,1,39.13467788696289,-122.13585662841795,4
2018,2018-06-07,1455,6,2,14,4,N,A,N,A,A,A,A,07,S,08,E,,,,,I,Y,N,D,1,0,0,0,22107.0,1,38.99800491333008,-122.09789276123048,3
2018,2018-06-09,740,6,2,7,6,N,A,N,A,H,A,D,22,N,08,F,,,,,A,Y,N,D,1,0,0,0,22107.0,1,38.97336959838867,-122.09769439697266,2
2018,2018-06-14,1845,6,2,18,4,N,A,N,A,G,A,C,02,E,03,E,,,Y,,J,N,N,D,1,0,0,1,22350.0,1,39.05643081665039,-122.00824737548828,3
2018,2018-06-16,330,6,2,3,6,Y,A,N,A,H,C,D,22,,01,E,,,,,I,Y,N,D,1,0,0,0,23152.0,1,39.19567108154297,-122.07879638671876,4
2018,2018-06-13,105,6,2,1,3,N,A,N,A,H,D,D,22,E,01,F,,,,,A,Y,N,D,1,0,0,0,23152.0,1,39.277870178222656,-122.03543853759766,3
2018,2018-06-18,1415,6,2,14,1,N,A,Y,A,H,A,B,07,N,08,B,,,,,C,Y,N,D,1,0,0,0,22107.0,2,39.19503021240234,-122.17227172851562,3
2018,2018-06-19,1320,6,2,13,2,N,A,Y,A,H,A,A,08,E,03,C,,,,,C,Y,N,D,1,0,0,0,22350.0,3,39.160888671875,-121.9765167236328,4
2018,2018-06-17,1215,6,2,12,7,N,A,Y,A,H,A,A,01,E,08,E,,,,,I,Y,N,D,5,0,0,0,22107.0,2,39.01961135864258,-122.35545349121094,1
2018,2018-06-22,520,6,2,5,5,N,A,Y,A,H,B,A,07,N,08,E,,,,,I,Y,N,D,2,0,0,0,22107.0,1,39.072612762451165,-122.0940399169922,3
2018,2018-06-26,905,6,2,9,2,N,A,Y,A,C,A,C,02,N,03,E,,,Y,,J,N,N,D,1,0,0,1,22350.0,1,39.2293701171875,-122.1818389892578,3
2018,2018-06-26,1338,6,2,13,2,N,A,Y,A,H,A,C,02,N,08,F,,,Y,,A,Y,N,D,1,0,0,1,22107.0,1,38.954448699951165,-122.01811981201172,2
2018,2018-06-29,2250,6,2,22,5,N,A,N,A,H,D,A,01,S,08,E,,,,,I,Y,N,D,1,0,0,0,22107.0,1,39.11272048950195,-122.07888793945312,3
2018,2018-07-02,30,7,2,0,1,N,A,N,A,H,D,A,01,W,08,E,,,,,I,Y,N,D,1,0,0,0,22107.0,1,39.14780426025391,-122.1437530517578,3
2018,2018-06-23,450,6,2,4,6,N,A,Y,A,H,B,A,07,S,05,A,,,,,C,Y,N,A,0,0,0,0,21651.0,2,39.113372802734375,-122.12050628662108,1
2018,2018-07-13,1617,7,2,16,5,N,A,Y,A,H,A,-,- ,S,18,H,,,,,A,N,N,D,1,0,0,0,,1,39.16080093383789,-122.14625549316406,3
2018,2018-07-10,230,7,2,2,2,N,A,Y,A,H,C,D,22,S,08,F,,,,,A,Y,N,D,2,0,0,0,22107.0,1,39.160186767578125,-122.14585876464844,3
2018,2018-07-17,1130,7,2,11,2,N,A,Y,A,H,A,E,22,S,03,C,,,,Y,C,N,N,D,1,0,0,0,22350.0,2,39.23667144775391,-122.181640625,4
2018,2018-07-16,230,7,2,2,1,N,A,Y,A,H,D,A,01,N,01,E,,,,,I,Y,N,D,1,0,0,0,23152.0,1,39.340938568115234,-122.03538513183594,3
2018,2018-07-20,830,7,2,8,5,Y,A,Y,A,H,A,A,01,,03,C,,,,,C,N,N,D,2,0,0,0,22350.0,3,39.21070861816406,-122.00187683105467,4
2018,2018-07-20,1445,7,2,14,5,N,A,Y,A,H,A,A,08,W,08,E,,,,,J,Y,N,D,1,0,0,0,22107.0,1,39.01036834716797,-122.4067840576172,4
2018,2018-07-27,1735,7,2,17,5,Y,A,N,A,H,A,D,22,,09,D,,,,,C,Y,N,A,2,0,0,0,21802.0,2,38.9255,-121.99665,3
2018,2018-07-27,2330,7,2,23,5,N,A,N,A,H,D,C,06,E,22,F,,,Y,,A,N,N,D,1,0,0,1,,1,,,3
2018,2018-08-04,1530,8,2,15,6,N,A,Y,A,H,D,D,22,S,07,F,,,,,I,Y,N,D,1,0,0,0,21658.0,2,39.16481399536133,-122.14869689941406,3
2018,2018-08-06,1309,8,2,13,1,N,A,N,A,H,A,C,02,N,03,E,,,Y,,I,Y,N,D,1,0,0,1,22350.0,1,39.10868835449219,-122.20828247070312,4
2018,2018-07-27,1450,7,2,14,5,Y,A,N,A,H,A,A,01,,09,D,,,,,C,N,N,D,1,0,0,0,21800.0,2,39.021530151367195,-122.0656967163086,3
2018,2018-08-08,1655,8,2,16,3,N,A,Y,A,H,A,A,01,W,05,B,,,,,C,Y,N,D,1,0,0,0,21460.0,2,39.14874649047852,-122.2572021484375,3
2018,2018-08-11,1903,8,2,19,6,N,A,Y,A,H,A,D,22,S,01,C,,,,Y,C,Y,N,D,1,0,0,0,23152.0,2,39.30461883544922,-122.18671417236328,3
2018,2018-08-08,1937,8,2,19,3,N,A,Y,A,H,A,D,22,N,01,E,,,,,I,Y,N,D,6,0,0,0,23152.0,1,39.108154296875,-122.11764526367188,2
2018,2018-08-17,455,8,2,4,5,N,A,N,A,H,C,G,25,N,06,A,,,,Y,C,Y,N,D,1,0,0,0,21751.0,2,39.06959915161133,-122.09197998046876,4
2018,2018-08-16,1750,8,2,17,4,Y,A,N,A,H,A,A,07,,09,D,,,,,C,N,N,D,1,0,0,0,21800.0,2,39.01736831665039,-122.06005096435548,4
2018,2018-08-22,1330,8,2,13,3,N,A,Y,A,H,A,F,25,N,03,C,,,,Y,C,Y,N,D,1,0,0,0,22350.0,2,39.01797103881836,-122.05929565429688,4
2018,2018-08-20,739,8,2,7,1,Y,A,N,A,H,A,G,25,,05,C,,,,Y,C,Y,N,D,1,0,0,0,21460.0,2,39.101028442382805,-122.11193084716795,3
2018,2018-08-19,200,8,2,2,7,N,A,Y,A,H,D,A,07,N,08,A,,,,,I,Y,N,D,1,0,0,0,22107.0,1,39.33563995361328,-122.19499969482422,2
2018,2018-08-23,1515,8,2,15,4,N,A,Y,A,H,A,A,01,N,08,D,,,,,C,Y,N,D,1,0,0,0,22107.0,2,39.0665397644043,-122.08981323242188,3
2018,2018-08-25,1350,8,2,13,6,N,A,N,A,H,A,A,01,E,08,E,,,,,I,Y,N,D,1,0,0,0,22107.0,1,39.276065826416016,-122.26224517822266,3
2018,2018-08-26,510,8,2,5,7,N,A,Y,A,H,D,D,22,N,03,C,,,,,C,Y,N,D,1,0,0,0,22350.0,2,38.96645736694336,-122.02603149414062,2
2018,2018-08-28,1415,8,2,14,2,N,A,N,A,H,A,A,07,S,03,C,,,,,C,Y,N,D,2,0,0,0,22350.0,2,39.14493560791016,-122.07861328125,3
2018,2018-08-30,1325,8,2,13,4,N,A,N,A,H,A,A,01,W,08,E,,,,,I,Y,N,D,1,0,0,0,22107.0,1,39.27553176879882,-122.13291168212892,3
2018,2018-09-02,1200,9,3,12,7,N,A,Y,A,H,A,D,22,N,17,E,,,,,J,N,N,D,1,0,0,0,23114.0,2,39.078495025634766,-122.09769439697266,3
2018,2018-09-05,335,9,3,3,3,N,A,Y,A,H,D,G,25,S,08,E,,,,Y,I,Y,N,D,1,0,0,0,22107.0,1,39.33406066894531,-122.19465637207033,3
2018,2018-09-08,1710,9,3,17,6,N,A,Y,A,H,A,D,22,W,01,C,,,,,C,Y,M,D,1,0,0,0,23152.0,2,39.195762634277344,-122.0824737548828,4
2018,2018-09-03,1315,9,3,13,1,N,A,Y,A,H,A,A,01,N,03,C,,,,,C,Y,N,D,1,0,0,0,22350.0,2,39.34907913208008,-122.19478607177734,4
2018,2018-09-09,200,9,3,2,7,N,A,N,A,H,D,A,08,N,08,F,,,,,A,Y,N,D,3,0,0,0,22107.0,1,39.12047958374024,-122.2912826538086,2
2018,2018-09-15,1925,9,3,19,6,N,A,Y,A,H,D,A,07,W,01,E,,,,,I,Y,N,D,1,0,0,0,23152.0,1,39.104530334472656,-122.3253173828125,3
2018,2018-08-22,1345,8,2,13,3,N,A,Y,A,H,A,A,07,S,03,C,,,,Y,C,Y,N,D,0,0,0,0,22350.0,2,39.243412017822266,-122.1821060180664,1
2018,2018-09-15,1225,9,3,12,6,N,A,N,A,H,A,A,07,S,08,F,,,,,A,Y,N,D,2,0,0,0,22107.0,1,,,3
2018,2018-09-24,1705,9,3,17,1,N,A,Y,A,H,A,A,08,S,08,D,,,,Y,C,Y,N,D,1,0,0,0,22107.0,2,39.20376968383789,-122.1770248413086,3
2018,2018-09-27,638,9,3,6,4,N,A,N,A,H,B,A,01,E,08,F,,,,,A,Y,N,D,1,0,0,0,22107.0,1,38.9691276550293,-121.93955993652344,2
2018,2018-09-13,559,9,3,5,4,Y,A,N,A,H,C,A,01,,12,D,,,,Y,C,Y,N,A,0,0,0,0,22450.0,2,39.101028442382805,-122.11193084716795,1
2018,2018-10-02,545,10,3,5,2,N,B,Y,B,H,D,A,01,S,03,E,,,,,I,N,N,D,1,0,0,0,22350.0,1,39.308547973632805,-122.18904113769533,3
2018,2018-09-11,1700,9,3,17,2,N,A,Y,A,H,A,A,01,E,01,E,,,,,I,Y,N,D,0,0,0,0,23152.0,1,38.96443176269531,-122.34127044677734,1
2018,2018-10-03,1930,10,3,19,3,N,A,Y,A,H,D,A,01,N,08,E,,,,,I,Y,N,D,1,0,0,0,22107.0,1,39.11673355102539,-122.123046875,3
2018,2018-10-07,55,10,3,0,7,N,A,N,A,H,D,A,01,W,08,E,,,,,I,Y,N,D,2,0,0,0,22107.0,1,39.0122299194336,-122.11879730224608,2
2018,2018-10-05,1635,10,3,16,5,N,A,Y,A,H,A,A,01,S,03,C,,,,,C,Y,N,D,4,0,0,0,22350.0,3,39.209590911865234,-122.00230407714844,4
2018,2018-09-21,628,9,3,6,5,N,A,Y,A,H,C,G,25,S,03,C,,,,Y,C,Y,N,D,1,0,0,0,22350.0,2,39.16390228271485,-122.14815521240234,1
2018,2018-10-11,2350,10,3,23,4,N,A,Y,A,H,D,A,01,N,01,F,,,,,A,Y,N,D,1,0,0,0,23152.0,1,39.18375396728516,-122.16486358642578,2
2018,2018-10-13,1955,10,3,19,6,N,A,Y,A,H,D,E,22,E,08,E,,,,,I,Y,N,D,1,0,0,0,22107.0,1,39.275440216064446,-122.06993865966795,4
2020,2020-02-27,759,2,4,7,4,Y,A,N,A,H,A,A,07,,03,B,,,,,C,N,N,D,1,0,0,0,22350.0,3,39.2107810974121,-122.0107421875,3
2018,2018-10-20,2323,10,3,23,6,N,A,Y,A,H,A,D,22,S,08,F,,,,,A,Y,N,D,1,0,0,0,22107.0,1,39.14922332763672,-122.13930511474608,3
2018,2018-10-21,35,10,3,0,7,N,A,Y,A,H,D,A,07,N,01,E,,,,,I,Y,N,D,1,0,0,0,23152.0,1,39.31550598144531,-122.0338134765625,2
2018,2018-10-18,1643,10,3,16,4,N,A,N,A,H,A,A,01,N,12,A,,,,,C,Y,N,A,1,0,0,0,22450.0,2,38.9622917175293,-122.02051544189452,3
2018,2018-10-27,720,10,3,7,6,N,A,N,A,H,A,A,07,S,08,F,,,,,A,Y,N,A,1,0,0,0,22107.0,1,39.14401245117188,-122.07853698730467,4
2018,2018-10-27,1145,10,3,11,6,N,A,N,A,H,A,G,25,W,03,D,,,,Y,C,Y,N,D,2,0,0,0,22350.0,2,39.1450309753418,-122.08744049072266,4
2018,2018-10-25,1725,10,3,17,4,N,A,Y,A,H,A,A,01,W,01,E,,,,,I,Y,N,D,2,0,0,0,23152.0,1,39.00437927246094,-122.3935089111328,2
2018,2018-11-05,1905,11,3,19,1,N,A,Y,A,H,D,A,01,N,08,C,,,,Y,C,Y,N,D,2,0,0,0,22107.0,2,38.92598342895508,-122.00032806396484,4
2018,2018-11-13,420,11,3,4,2,N,A,Y,A,H,D,A,01,E,08,E,,,,,I,Y,N,D,1,0,0,0,22107.0,1,39.03067779541016,-122.33873748779295,2
2018,2018-11-14,1401,11,3,14,3,N,F,Y,A,H,A,A,01,N,08,E,,,,,I,Y,N,A,1,0,0,0,22107.0,1,39.074512481689446,-122.09471893310548,4
2018,2018-11-16,2500,11,3,25,5,N,A,Y,A,H,D,A,01,E,08,F,,,,,A,Y,N,D,2,0,0,0,22107.0,1,38.97874450683594,-122.33961486816406,3
2018,2018-11-27,1310,11,3,13,2,N,B,Y,B,H,A,A,01,E,08,E,,,,,I,Y,N,D,1,0,0,0,22107.0,1,39.01851272583008,-122.35626983642578,4
2018,2018-11-21,1110,11,3,11,3,N,C,Y,B,H,A,-,- ,N,18,E,,,,,I,Y,N,D,1,0,0,0,,1,39.31282043457031,-122.19187927246094,3
2018,2018-11-25,2100,11,3,21,7,N,B,N,B,H,D,A,07,E,08,E,,,,,I,Y,F,D,2,0,0,0,22107.0,1,38.95472717285156,-121.98756408691406,3
2018,2018-11-17,2500,11,3,25,6,N,F,N,A,H,D,A,01,S,08,E,,,,,I,Y,N,D,0,0,0,0,22107.0,1,38.953472137451165,-122.0146942138672,1
2018,2018-10-11,2312,10,3,23,4,N,A,N,A,H,D,A,01,S,03,C,Y,,,,C,Y,N,D,2,1,0,0,22350.0,3,39.249897003173835,-122.19123840332033,1
2018,2018-11-28,1701,11,3,17,3,N,A,Y,A,D,B,A,01,N,03,C,,,,,C,N,N,A,1,0,0,0,22350.0,2,39.21110534667969,-122.00172424316406,4
2018,2018-11-29,948,11,3,9,4,N,C,Y,D,G,A,-,- ,S,18,E,,,,Y,I,Y,N,D,1,0,0,0,,1,39.31084442138672,-122.19078063964844,3
2018,2018-12-06,2149,12,4,21,4,N,A,Y,A,H,D,E,22,N,08,F,,,,,A,Y,N,D,1,0,0,0,22107.0,2,39.183738708496094,-122.1652603149414,4
2018,2018-12-14,1730,12,4,17,5,N,B,N,B,H,C,D,22,N,08,B,,,,,C,N,N,D,1,0,0,0,22107.0,2,39.01675033569336,-122.05699920654295,4