ACCIDENT_YEAR,COLLISION_DATE,COLLISION_TIME,MONTH,SEASON,24HOURS,DAY_OF_WEEK,INTERSECTION,WEATHER_1,STATE_HWY_IND,ROAD_SURFACE,ROAD_COND_1,LIGHTING,STWD_VEHTYPE_AT_FAULT,CHP_VEHTYPE_AT_FAULT,DIRECTION,PCF_VIOL_CATEGORY,TYPE_OF_COLLISION,PEDESTRIAN_ACCIDENT,BICYCLE_ACCIDENT,MOTORCYCLE_ACCIDENT,TRUCK_ACCIDENT,MVIW,TOW_AWAY,HIT_AND_RUN,CONTROL_DEVICE,NUMBER_INJURED,COUNT_PED_INJURED,COUNT_BICYCLIST_INJURED,COUNT_MC_INJURED,PCF_VIOLATION,PARTY_COUNT,POINT_Y,POINT_X,COLLISION_SEVERITY
2019,2019-12-09,540,12,4,5,1,N,A,Y,A,H,E,A,01,W,08,F,,,,,A,Y,N,D,1,0,0,0,22107.0,1,39.10564041137695,-122.3162078857422,4
2019,2019-12-15,215,12,4,2,7,Y,A,Y,B,H,D,A,01,,08,E,,,,,I,Y,N,D,2,0,0,0,22107.0,1,,,3
2019,2019-12-15,100,12,4,1,7,N,A,N,A,H,D,A,07,E,01,E,,,,,E,N,M,A,1,0,0,0,23152.0,2,39.370872497558594,-122.53917694091795,4
2019,2019-12-18,1730,12,4,17,3,N,B,Y,B,H,D,A,01,E,08,E,,,,,I,Y,N,D,1,0,0,0,22107.0,1,39.03178024291992,-122.33845520019533,4
2019,2019-12-19,640,12,4,6,4,Y,B,N,A,H,B,G,25,,09,D,,,,Y,C,Y,N,A,2,0,0,0,21801.0,2,39.05657958984375,-121.94178009033205,4
2019,2019-12-17,2110,12,4,21,2,N,A,N,A,H,D,A,01,N,08,F,,,,,A,Y,N,D,1,0,0,0,22107.0,1,38.98651123046875,-122.03644561767578,3
2019,2019-12-18,1530,12,4,15,3,N,B,Y,B,H,B,A,08,E,03,C,,,,,C,N,N,D,2,0,0,0,22350.0,3,39.19555282592773,-122.04080200195312,4
2019,2019-12-25,1420,12,4,14,3,N,C,Y,B,H,A,A,01,W,08,A,,,,,C,Y,N,D,3,0,0,0,22107.0,2,39.01339721679688,-122.37848663330078,2
2020,2020-01-04,2110,1,4,21,6,N,A,Y,A,H,D,A,07,S,08,F,,,,,A,Y,N,D,2,0,0,0,22107.0,1,39.00600051879882,-122.3555908203125,3
2020,2020-01-05,1740,1,4,17,7,Y,A,Y,A,H,D,A,08,,09,D,,,,Y,C,Y,N,D,1,0,0,0,21804.0,2,39.01305770874024,-122.35881042480467,2
2019,2019-12-29,45,12,4,0,7,N,A,Y,A,H,C,G,25,N,03,C,,,,Y,C,Y,M,D,4,0,0,0,22350.0,2,39.37821960449219,-122.19281768798828,4
2020,2020-01-10,925,1,4,9,5,N,A,Y,A,H,A,A,01,W,08,E,,,,,I,Y,N,D,1,0,0,0,22107.0,1,39.00457000732422,-122.39378356933594,3
2020,2020-01-18,1800,1,4,18,6,N,A,Y,A,H,D,A,01,E,03,E,,,,,J,Y,N,D,1,0,0,0,22350.0,1,39.04770660400391,-122.34159088134766,3
2020,2020-01-20,550,1,4,5,1,N,E,N,A,H,D,A,01,S,08,E,,,,,I,Y,N,D,1,0,0,0,22107.0,1,39.131629943847656,-122.07865142822266,4
2020,2020-01-29,545,1,4,5,3,Y,A,Y,A,H,D,A,07,,03,C,,,,,C,Y,N,D,2,0,0,0,22350.0,2,39.19666290283203,-122.03717803955078,3
2020,2020-02-06,720,2,4,7,4,N,A,Y,A,H,A,A,01,N,08,E,,,,,I,Y,N,D,3,0,0,0,22107.0,1,39.357734680175774,-122.19308471679688,3
2020,2020-02-10,400,2,4,4,1,N,A,Y,A,H,D,A,07,N,08,F,,,,,A,Y,N,D,1,0,0,0,22107.0,1,39.07555389404297,-122.09576416015624,2
2020,2020-02-15,2345,2,4,23,6,N,A,N,A,H,D,A,07,N,08,E,,,,,I,Y,N,D,1,0,0,0,22107.0,1,39.12866973876953,-122.07861328125,4
2020,2020-02-10,1300,2,4,13,1,N,A,N,A,H,A,A,08,W,06,D,,,,,C,Y,N,D,1,0,0,0,21750.0,2,39.34354019165039,-121.96644592285156,4
2020,2020-02-07,1310,2,4,13,5,N,A,N,A,H,A,F,26,S,08,E,Y,,,Y,J,N,N,D,1,1,0,0,22107.0,4,38.98469924926758,-122.08852386474608,3
2020,2020-02-19,425,2,4,4,3,N,A,Y,A,H,D,A,01,N,08,E,,,,,I,Y,N,D,1,0,0,0,22107.0,1,39.16838836669922,-122.15119934082033,3
2020,2020-02-25,215,2,4,2,2,N,A,Y,A,H,D,D,22,S,08,F,,,,,A,Y,N,D,1,0,0,0,22107.0,1,38.96161651611328,-122.02283477783205,4
2020,2020-02-27,1638,2,4,16,4,Y,A,N,A,H,A,L,04,,08,F,,Y,,,A,N,N,D,1,0,1,0,22107.0,1,39.20891952514648,-122.00254821777344,3
2020,2020-03-01,1920,3,1,19,7,N,A,Y,A,H,D,A,08,E,03,H,,,,,H,Y,N,D,2,0,0,0,22350.0,1,39.03539657592773,-122.33903503417967,4
2020,2020-03-02,19,3,1,0,1,N,A,Y,A,H,C,A,01,N,01,B,,,,,E,Y,N,D,1,0,0,0,23152.0,2,39.02107620239258,-122.06333160400392,3
2020,2020-03-16,630,3,1,6,1,N,B,N,B,H,D,D,22,W,08,E,,,,,I,Y,N,A,1,0,0,0,22107.0,1,39.276126861572266,-122.24730682373048,3
2020,2020-03-12,1520,3,1,15,4,N,A,Y,A,H,A,-,99,W,09,H,,,,,A,N,M,D,1,0,0,0,21801.0,2,39.15021896362305,-121.96536254882812,3
2020,2020-03-12,2305,3,1,23,4,N,A,Y,A,H,D,A,01,S,08,F,,,,,A,Y,N,D,1,0,0,0,22107.0,1,39.20989608764648,-122.18043518066406,3
2020,2020-03-21,1550,3,1,15,6,Y,A,Y,A,H,A,A,01,,05,B,,,Y,,C,N,N,D,1,0,0,1,21752.0,2,39.12045669555664,-122.29132843017578,3
2020,2020-03-29,220,3,1,2,7,N,B,Y,B,H,D,A,01,N,08,E,,,,,I,Y,M,D,1,0,0,0,22107.0,1,39.02818298339844,-122.06417846679688,2
2020,2020-03-29,1630,3,1,16,7,N,B,Y,A,H,A,A,07,S,08,E,,,,,I,Y,N,A,4,0,0,0,22107.0,1,39.21026611328125,-122.18020629882812,2
2020,2020-04-09,1255,4,1,12,4,N,B,N,A,H,A,D,22,W,03,C,,,,,C,N,N,D,1,0,0,0,22350.0,2,39.21711349487305,-122.02216339111328,4
2020,2020-04-11,1215,4,1,12,6,N,B,N,A,H,A,D,22,N,08,E,,,,,I,Y,N,D,1,0,0,0,22107.0,1,,,4
2020,2020-04-17,1635,4,1,16,5,N,A,Y,A,H,A,A,01,E,08,F,,,,,A,Y,N,A,1,0,0,0,22107.0,1,39.12221145629882,-122.28932189941406,3
2020,2020-04-18,1600,4,1,16,6,N,A,N,A,B,A,C,02,E,08,F,,,Y,,A,N,N,D,1,0,0,1,38314.0,1,,,3
2020,2020-04-23,530,4,1,5,4,N,A,N,A,H,D,A,01,W,08,F,,,,,A,Y,N,D,1,0,0,0,22107.0,1,39.11992645263672,-122.2358856201172,3
2020,2020-04-23,756,4,1,7,4,N,A,Y,A,H,A,D,22,S,08,F,,,,,A,Y,N,D,1,0,0,0,22107.0,1,39.202056884765625,-122.17644500732422,4
2020,2020-04-25,1005,4,1,10,6,N,B,Y,A,H,A,D,22,S,08,E,,,,,I,Y,N,D,2,0,0,0,22107.0,1,38.98130798339844,-122.3472900390625,4
2020,2020-04-25,1400,4,1,14,6,N,A,Y,A,H,A,-,- ,W,18,E,,,,,I,Y,N,D,1,0,0,0,,1,39.13237762451172,-122.27764892578124,4
2020,2020-05-05,1245,5,1,12,2,N,A,N,A,H,A,E,22,N,03,C,,,,Y,C,Y,N,A,1,0,0,0,22350.0,2,39.05661392211913,-122.04151153564452,4
2020,2020-05-04,1750,5,1,17,1,N,A,N,A,H,A,A,01,E,01,E,,,,,I,N,N,D,1,0,0,0,23152.0,1,39.187694549560554,-121.9683837890625,3
2020,2020-05-01,1140,5,1,11,5,Y,A,N,A,H,A,A,08,,12,D,,,,,C,Y,N,A,3,0,0,0,22450.0,2,38.99871063232422,-122.0886001586914,2
2020,2020-05-05,1430,5,1,14,2,N,A,N,A,H,A,A,07,E,08,F,,,,,A,Y,N,D,1,0,0,0,22107.0,1,39.13069152832031,-122.17533111572266,3
2020,2020-05-16,955,5,1,9,6,N,A,N,A,H,A,C,02,S,03,F,,,Y,,A,N,N,D,1,0,0,1,22350.0,1,,,4
2020,2020-05-15,1345,5,1,13,5,N,A,Y,A,H,A,A,01,N,08,E,,,,,I,Y,N,D,1,0,0,0,22107.0,1,39.073101043701165,-122.09427642822266,3
2020,2020-05-17,1550,5,1,15,7,N,B,Y,A,H,A,L,04,S,08,F,,Y,,,A,N,N,D,1,0,1,0,22107.0,1,39.220260620117195,-122.01898956298828,3
2020,2020-05-22,150,5,1,1,5,N,A,N,A,H,D,A,01,N,01,E,,,,,I,Y,N,D,1,0,0,0,23152.0,1,39.14482879638672,-122.32972717285156,3
2020,2020-04-15,2230,4,1,22,3,N,A,Y,A,H,D,A,01,W,01,E,,,,,I,Y,N,D,0,0,0,0,23152.0,1,39.14611053466797,-121.94738006591795,1
2020,2020-06-04,35,6,2,0,4,N,A,Y,A,H,C,A,07,S,08,E,,,,,I,Y,N,D,5,0,0,0,22107.0,1,39.01370620727539,-122.05593872070312,2
2020,2020-06-06,200,6,2,2,6,N,A,N,A,H,D,A,01,S,08,F,,,,,A,Y,N,D,1,0,0,0,22107.0,1,39.130474090576165,-122.07861328125,3
2020,2020-06-07,1929,6,2,19,7,N,B,Y,A,H,A,E,22,S,01,F,,,,,A,Y,N,D,1,0,0,0,23152.0,1,39.1734733581543,-122.15444946289062,3
2020,2020-06-09,1900,6,2,19,2,N,A,N,A,H,C,A,01,N,08,F,,,,,A,Y,N,D,3,0,0,0,22107.0,1,39.1518440246582,-122.02227020263672,4
2020,2020-06-16,2113,6,2,21,2,N,A,Y,A,H,D,C,02,W,08,E,,,Y,,I,Y,N,D,1,0,0,1,22107.0,1,39.17517852783203,-121.98859405517578,3
2020,2020-06-20,1425,6,2,14,6,N,A,Y,A,A,A,G,25,N,07,B,,,,Y,C,Y,N,D,1,0,0,0,21658.0,2,39.07974243164063,-122.09851837158205,4
2020,2020-06-21,2330,6,2,23,7,N,A,Y,A,H,C,-,- ,S,18,H,,,,,H,Y,N,D,1,0,0,0,,1,39.0831298828125,-122.10037231445312,4
2020,2020-06-21,1605,6,2,16,7,N,A,N,A,H,A,C,02,S,03,F,,,Y,,A,N,N,D,1,0,0,1,22350.0,1,39.25933456420898,-122.27481842041016,2
2020,2020-06-28,2100,6,2,21,7,N,A,N,A,H,D,A,07,W,08,E,,,,,I,Y,N,D,5,0,0,0,22107.0,1,38.924903869628906,-122.261962890625,2
2020,2020-07-05,835,7,2,8,7,N,A,N,A,H,A,A,07,S,01,E,,,,,I,Y,N,D,1,0,0,0,23152.0,1,39.30472183227539,-122.21015167236328,4
2020,2020-07-02,1630,7,2,16,4,N,A,Y,A,H,A,E,22,N,08,F,,,,,A,Y,N,D,1,0,0,0,22107.0,1,38.95040512084961,-122.01454162597656,3
2020,2020-07-02,1910,7,2,19,4,N,A,Y,A,H,A,A,08,N,08,B,,,,,C,N,N,D,2,0,0,0,22107.0,2,38.93377304077149,-122.0030517578125,4
2020,2020-07-10,1550,7,2,15,5,N,A,N,A,H,A,A,07,S,03,C,,,,,C,N,N,D,1,0,0,0,22350.0,2,39.19562911987305,-122.07880401611328,4
2020,2020-07-13,625,7,2,6,1,Y,A,N,A,H,B,A,01,,01,D,,,,Y,C,Y,N,A,1,0,0,0,23152.0,2,39.27613067626953,-122.2469482421875,2
2020,2020-07-11,2135,7,2,21,6,N,A,N,A,H,C,C,06,E,08,B,,,Y,,E,Y,N,D,2,0,0,2,22107.0,3,39.023075103759766,-122.0676727294922,2
2020,2020-07-11,2005,7,2,20,6,N,A,N,A,H,A,A,01,S,08,E,,,,,I,Y,N,D,1,0,0,0,22107.0,1,39.323020935058594,-122.01573944091795,3
2020,2020-07-11,1315,7,2,13,6,N,A,N,A,H,A,D,22,N,08,F,,,,,I,Y,N,D,2,0,0,0,22107.0,1,39.04150390625,-122.40867614746094,4
2020,2020-07-15,430,7,2,4,3,N,A,Y,A,H,D,A,07,N,03,C,,,,Y,C,Y,N,A,1,0,0,0,22350.0,2,39.31696701049805,-122.19439697265624,3
2020,2020-07-19,1640,7,2,16,7,N,A,N,A,H,A,D,22,,01,E,,,,,I,Y,N,D,1,0,0,0,23152.0,1,39.14496994018555,-122.07862091064452,2
2020,2020-05-14,1720,5,1,17,4,N,B,Y,B,H,A,-,- ,E,18,E,,,,,I,Y,N,D,1,0,0,0,,1,39.00461959838867,-122.39385223388672,3
2020,2020-07-24,2240,7,2,22,5,N,A,N,A,H,D,A,01,S,01,E,,,,,I,Y,N,D,1,0,0,0,23152.0,1,39.11417007446289,-122.07886505126952,4
2020,2020-07-26,1205,7,2,12,7,N,A,N,A,H,A,D,22,E,08,E,,,,,I,Y,N,D,1,0,0,0,22107.0,1,39.40641784667969,-122.07527923583984,4
2020,2020-07-27,1155,7,2,11,1,N,A,N,A,H,A,A,07,E,21,C,,,,,C,N,N,D,2,0,0,0,22106.0,2,39.01425552368164,-122.06047058105467,4
2020,2020-07-25,1825,7,2,18,6,N,A,Y,A,H,A,A,07,S,01,E,,,,,I,Y,N,D,1,0,0,0,23152.0,1,39.27384948730469,-122.18302154541016,2
2020,2020-07-30,550,7,2,5,4,N,A,Y,A,H,A,G,25,S,08,F,,,,Y,I,Y,N,D,1,0,0,0,22107.0,1,38.95246887207031,-122.01692199707033,4
2020,2020-07-31,100,7,2,1,5,N,A,Y,A,H,D,D,22,E,08,F,,,,,A,Y,N,D,1,0,0,0,22107.0,1,39.03508758544922,-122.33896636962892,3
2020,2020-08-05,1725,8,2,17,3,N,A,N,A,H,A,D,22,N,08,F,,,,,A,Y,N,D,1,0,0,0,22107.0,1,,,3
2020,2020-08-08,255,8,2,2,6,N,A,N,A,H,D,G,25,W,08,F,,,,Y,A,Y,N,D,1,0,0,0,22107.0,1,39.056671142578125,-121.9939422607422,4
2020,2020-03-09,1720,3,1,17,1,Y,A,Y,A,H,A,A,07,,10,G,Y,Y,,,G,N,N,A,2,1,1,0,21950.0,3,39.20420837402344,-122.00438690185548,3
2020,2020-07-30,1230,7,2,12,4,Y,A,Y,A,H,A,D,22,,09,A,,,,,C,Y,N,A,2,0,0,0,21801.0,2,39.14603805541992,-121.94255828857422,1
2020,2020-08-09,2330,8,2,23,7,N,A,Y,A,H,C,A,08,W,01,F,,,,,A,Y,N,D,1,0,0,0,23152.0,1,39.1516227722168,-122.24273681640624,3
2020,2020-05-21,2050,5,1,20,4,N,A,N,A,H,B,D,22,E,01,F,,,,,A,Y,N,D,0,0,0,0,23152.0,1,,,1
2020,2020-05-15,1540,5,1,15,5,N,A,Y,A,H,A,-,- ,N,18,E,,,,,I,Y,N,D,0,0,0,0,,1,38.96882629394531,-122.027587890625,1
2020,2020-08-16,1130,8,2,11,7,N,B,Y,B,H,A,A,01,E,08,F,,,,,A,Y,N,D,1,0,0,0,22107.0,1,39.004432678222656,-122.39179229736328,4
2020,2020-08-20,2320,8,2,23,4,N,A,N,A,H,D,A,01,N,08,E,,,,,I,Y,N,D,1,0,0,0,22107.0,1,39.09515380859375,-122.40931701660156,4
2020,2020-08-22,320,8,2,3,6,N,A,Y,A,H,C,A,01,N,08,E,,,,,I,Y,N,D,1,0,0,0,22107.0,1,39.137889862060554,-122.13609313964844,3
2020,2020-08-21,1130,8,2,11,5,N,A,Y,A,H,A,C,02,E,08,E,,,Y,,I,Y,N,D,1,0,0,1,22107.0,1,39.004180908203125,-122.3928680419922,4
2020,2020-08-20,2040,8,2,20,4,N,A,N,A,H,C,A,07,S,01,E,,,,,I,Y,N,D,1,0,0,0,23152.0,1,38.9985237121582,-122.05620574951172,4
2020,2020-08-24,730,8,2,7,1,N,A,Y,A,A,A,A,01,S,03,C,,,,,C,Y,N,D,2,0,0,0,22350.0,2,39.239742279052734,-122.03028106689452,4
2020,2020-08-25,1336,8,2,13,2,N,A,Y,A,H,A,A,01,S,08,F,,,,,A,Y,N,D,1,0,0,0,22107.0,1,39.30758666992188,-122.18799591064452,4
2020,2020-08-27,1530,8,2,15,4,N,A,N,A,H,A,-,99,N,05,F,,,,,A,Y,N,D,1,0,0,0,21650.0,2,38.926223754882805,-121.99715423583984,3
2020,2020-09-04,1700,9,3,17,5,N,A,N,A,H,A,C,02,S,03,F,,,Y,,A,N,N,D,1,0,0,1,22350.0,1,39.14840698242188,-122.43419647216795,2
2020,2020-09-08,15,9,3,0,2,N,A,Y,A,H,D,A,01,N,08,E,,,,,I,Y,N,D,2,0,0,0,22107.0,1,39.229759216308594,-122.02222442626952,3
2020,2020-09-05,2200,9,3,22,6,N,A,N,A,H,D,D,22,N,01,F,,,,,A,Y,N,D,2,0,0,0,23152.0,1,39.35437774658203,-122.39588165283205,2
2020,2020-09-06,1200,9,3,12,7,N,A,N,A,H,A,D,22,W,08,E,,,,,I,Y,N,D,1,0,0,0,22107.0,1,,,2
2020,2020-09-15,852,9,3,8,2,N,A,Y,A,H,A,G,25,S,03,C,,,,Y,C,Y,N,D,1,0,0,0,22350.0,2,39.25629806518555,-122.03165435791016,4
2020,2020-09-22,2110,9,3,21,2,N,A,Y,A,H,D,D,22,N,08,F,,,,,A,Y,N,D,1,0,0,0,22107.0,1,39.07649612426758,-122.0963897705078,4
2020,2020-09-21,415,9,3,4,1,N,A,Y,A,H,D,F,26,N,03,C,,,,Y,C,Y,N,D,1,0,0,0,22350.0,2,38.9768180847168,-122.03079223632812,3
2020,2020-09-27,1929,9,3,19,7,N,A,N,A,H,A,G,25,N,08,F,,,,Y,A,Y,N,D,1,0,0,0,22107.0,2,39.06959915161133,-122.09197998046876,4
2020,2020-09-24,1500,9,3,15,4,N,A,Y,A,H,A,A,01,W,01,E,,,,,I,Y,N,D,1,0,0,0,23152.0,1,39.152923583984375,-122.23526763916016,2
2020,2020-10-07,1710,10,3,17,3,N,A,Y,A,H,A,A,07,W,03,C,,,,,C,Y,N,D,1,0,0,0,22350.0,2,39.20008850097656,-122.02758026123048,4
2020,2020-10-18,2225,10,3,22,7,N,A,Y,A,H,D,A,01,W,08,B,,,,,C,Y,N,D,1,0,0,0,22107.0,2,39.10561752319336,-122.3174285888672,3
2020,2020-10-24,2310,10,3,23,6,N,A,Y,A,H,D,A,01,N,08,E,,,,,I,N,N,D,1,0,0,0,22107.0,1,39.35264587402344,-122.03072357177734,4
2020,2020-10-19,1605,10,3,16,1,N,A,Y,D,H,A,A,07,S,08,B,,,,,C,Y,N,D,2,0,0,0,22107.0,2,39.08967208862305,-122.10504913330078,2
2020,2020-10-30,400,10,3,4,5,Y,A,N,A,H,C,A,01,,01,D,,,,,C,Y,N,D,1,0,0,0,23152.0,2,39.02450942993164,-122.0615234375,3
2020,2020-11-02,1120,11,3,11,1,Y,A,Y,A,H,A,D,22,,09,D,,,,,C,Y,N,A,1,0,0,0,21802.0,2,39.21841812133789,-122.18717956542967,4
2020,2020-10-28,1755,10,3,17,3,N,A,N,A,H,A,A,01,S,08,F,,,,,A,Y,N,D,2,0,0,0,22107.0,1,39.099552154541016,-122.11100006103516,3
2020,2020-11-11,310,11,3,3,3,N,A,N,A,H,A,A,07,S,01,E,,,,,I,Y,N,D,1,0,0,0,23152.0,1,39.08787155151367,-122.07884216308594,2
2020,2020-11-15,2040,11,3,20,7,N,A,Y,A,H,D,D,22,E,08,E,,,,,I,Y,N,D,1,0,0,0,22107.0,1,39.03634643554688,-122.3392333984375,4
2020,2020-11-15,906,11,3,9,7,N,A,Y,A,H,A,A,01,S,08,B,,,,,C,Y,N,D,1,0,0,0,22107.0,2,39.127002716064446,-122.13045501708984,3
2020,2020-11-21,2358,11,3,23,6,N,A,Y,A,H,D,N,60,S,11,G,Y,,,,B,N,N,D,1,1,0,0,21954.0,2,39.09072494506836,-122.10511779785156,2
2020,2020-11-25,505,11,3,5,3,N,A,Y,A,H,D,A,01,N,08,F,,,,,A,Y,N,D,1,0,0,0,22107.0,1,39.1056022644043,-122.11692810058594,3
2020,2020-11-30,1620,11,3,16,1,N,A,Y,A,H,A,-,- ,S,18,E,,,,,I,Y,N,D,1,0,0,0,,1,38.98257827758789,-122.03419494628906,4
2020,2020-12-04,2110,12,4,21,5,N,A,Y,A,H,D,D,22,S,01,E,,,,,I,Y,N,D,1,0,0,0,23152.0,1,39.11620330810546,-122.12270355224608,4
2020,2020-12-03,1715,12,4,17,4,N,A,Y,A,H,D,A,01,S,03,C,,,,,C,N,N,D,3,0,0,0,22350.0,2,39.263946533203125,-122.0332489013672,4
2020,2020-12-04,2110,12,4,21,5,N,A,N,A,H,A,A,01,E,08,F,,,,,I,Y,N,D,1,0,0,0,22107.0,1,39.2179069519043,-122.11587524414062,4
2020,2020-12-04,1515,12,4,15,5,Y,A,N,A,H,A,A,01,,09,D,,,,,C,Y,N,D,2,0,0,0,21802.0,2,39.101028442382805,-122.11193084716795,4
2020,2020-12-11,650,12,4,6,5,N,A,N,A,H,D,A,01,W,08,F,,,,,A,Y,N,D,1,0,0,0,22107.0,1,39.012298583984375,-122.11043548583984,4
2020,2020-12-08,430,12,4,4,2,N,A,N,A,H,D,D,22,W,08,E,,,,,I,Y,N,D,1,0,0,0,22107.0,1,39.217151641845696,-122.03717041015624,4
2020,2020-09-04,2500,9,3,25,5,N,A,Y,A,H,D,C,02,S,01,E,,,Y,,I,Y,N,D,0,0,0,0,23152.0,1,39.32601165771485,-122.19489288330078,1
2019,2019-12-29,340,12,4,3,7,N,A,Y,A,H,D,G,25,N,16,C,,,,Y,C,Y,N,D,0,0,0,0,24002.0,2,39.288795471191406,-122.18451690673828,1
2020,2020-12-11,940,12,4,9,5,N,B,N,A,H,A,E,22,E,08,B,,,,Y,C,N,N,D,1,0,0,0,22107.0,2,39.36014938354492,-122.4348373413086,4
2020,2020-12-13,1120,12,4,11,7,N,B,Y,B,H,A,A,07,W,08,E,,,,,I,Y,N,D,3,0,0,0,22107.0,1,39.006866455078125,-122.39727783203124,3
2020,2020-09-09,525,9,3,5,3,N,A,Y,A,H,C,N,60,N,11,G,Y,,,,B,N,N,D,0,0,0,0,21954.0,2,39.16883850097656,-122.15146636962892,1
2020,2020-12-10,1315,12,4,13,4,N,A,N,A,B,A,C,02,S,03,F,,,Y,,A,N,N,D,1,0,0,1,22350.0,1,,,2
2020,2020-12-25,1835,12,4,18,5,N,B,Y,A,H,D,A,01,S,08,F,,,,,A,Y,N,D,3,0,0,0,22107.0,1,39.1275749206543,-122.0786361694336,3
2020,2020-12-21,1040,12,4,10,1,N,E,Y,A,H,A,A,01,N,06,C,,,,Y,C,Y,N,D,1,0,0,0,21751.0,3,39.39466857910156,-122.01315307617188,2
2020,2020-12-23,1215,12,4,12,3,Y,A,N,A,H,A,A,01,,09,D,,,,,C,Y,N,A,1,0,0,0,21802.0,2,39.01742935180664,-122.05744171142578,4
2020,2020-12-30,1725,12,4,17,3,N,C,Y,B,H,D,A,01,S,08,B,,,,,I,Y,N,D,1,0,0,0,22107.0,1,39.33340835571289,-122.19464874267578,3
2020,2020-10-23,820,10,3,8,5,Y,A,Y,A,H,A,A,01,,08,B,,,,,C,Y,N,D,1,0,0,0,22107.0,2,39.21438980102539,-122.00937652587892,3
2020,2020-11-08,1822,11,3,18,7,Y,A,Y,A,H,C,A,07,,09,D,,,,,D,Y,N,D,4,0,0,0,21804.0,3,39.16111755371094,-122.1609344482422,2
2020,2020-11-19,1500,11,3,15,4,Y,A,N,A,H,A,A,01,,08,D,,,,,C,N,N,D,1,0,0,0,22107.0,2,39.20806121826172,-122.01177978515624,4
2020,2020-12-22,701,12,4,7,2,N,E,Y,A,H,A,A,01,W,09,D,,,,,C,N,N,D,2,0,0,0,21801.0,2,39.16754913330078,-122.14800262451172,3